Do first (October deal),Photo file name (main photo),Extra photo names (optional),Device,Storage,Condition,Price (R),Photo done? (tick)
YES,apple-iphone-12-64gb.jpg,"apple-iphone-12-64gb-2.jpg, apple-iphone-12-64gb-3.jpg",Apple iPhone 12,64GB,Good,5570,
YES,apple-iphone-13-128gb.jpg,"apple-iphone-13-128gb-2.jpg, apple-iphone-13-128gb-3.jpg",Apple iPhone 13,128GB,Good,7420,
YES,apple-iphone-14-128gb.jpg,"apple-iphone-14-128gb-2.jpg, apple-iphone-14-128gb-3.jpg",Apple iPhone 14,128GB,Good,8270,
YES,apple-macbook-air-13-inch-m1-256gb-space-grey.jpg,"apple-macbook-air-13-inch-m1-256gb-space-grey-2.jpg, apple-macbook-air-13-inch-m1-256gb-space-grey-3.jpg",Apple MacBook Air 13-inch (M1),256GB,Good,8500,
YES,samsung-galaxy-s22-256gb.jpg,"samsung-galaxy-s22-256gb-2.jpg, samsung-galaxy-s22-256gb-3.jpg",Samsung Galaxy S22,256GB,Good,6000,
YES,samsung-galaxy-s23-256gb.jpg,"samsung-galaxy-s23-256gb-2.jpg, samsung-galaxy-s23-256gb-3.jpg",Samsung Galaxy S23,256GB,Good,8600,
YES,sony-playstation-4-slim-1tb-black.jpg,"sony-playstation-4-slim-1tb-black-2.jpg, sony-playstation-4-slim-1tb-black-3.jpg",Sony PlayStation 4 Slim,1TB,Good,3999,
YES,sony-playstation-5-slim-digital-1tb-white.jpg,"sony-playstation-5-slim-digital-1tb-white-2.jpg, sony-playstation-5-slim-digital-1tb-white-3.jpg",Sony PlayStation 5 Slim (Digital),1TB,Good,7999,
,apple-iphone-11-128gb.jpg,"apple-iphone-11-128gb-2.jpg, apple-iphone-11-128gb-3.jpg",Apple iPhone 11,128GB,Good,5270,
,apple-iphone-11-64gb.jpg,"apple-iphone-11-64gb-2.jpg, apple-iphone-11-64gb-3.jpg",Apple iPhone 11,64GB,Good,4770,
,apple-iphone-11-pro-256gb.jpg,"apple-iphone-11-pro-256gb-2.jpg, apple-iphone-11-pro-256gb-3.jpg",Apple iPhone 11 Pro,256GB,Good,6020,
,apple-iphone-11-pro-64gb.jpg,"apple-iphone-11-pro-64gb-2.jpg, apple-iphone-11-pro-64gb-3.jpg",Apple iPhone 11 Pro,64GB,Good,5520,
,apple-iphone-11-pro-max-256gb.jpg,"apple-iphone-11-pro-max-256gb-2.jpg, apple-iphone-11-pro-max-256gb-3.jpg",Apple iPhone 11 Pro Max,256GB,Good,7070,
,apple-iphone-11-pro-max-64gb.jpg,"apple-iphone-11-pro-max-64gb-2.jpg, apple-iphone-11-pro-max-64gb-3.jpg",Apple iPhone 11 Pro Max,64GB,Good,6320,
,apple-iphone-12-128gb.jpg,"apple-iphone-12-128gb-2.jpg, apple-iphone-12-128gb-3.jpg",Apple iPhone 12,128GB,Good,6070,
,apple-iphone-12-pro-128gb.jpg,"apple-iphone-12-pro-128gb-2.jpg, apple-iphone-12-pro-128gb-3.jpg",Apple iPhone 12 Pro,128GB,Good,7120,
,apple-iphone-12-pro-256gb.jpg,"apple-iphone-12-pro-256gb-2.jpg, apple-iphone-12-pro-256gb-3.jpg",Apple iPhone 12 Pro,256GB,Good,7620,
,apple-iphone-12-pro-max-128gb.jpg,"apple-iphone-12-pro-max-128gb-2.jpg, apple-iphone-12-pro-max-128gb-3.jpg",Apple iPhone 12 Pro Max,128GB,Good,8670,
,apple-iphone-12-pro-max-256gb.jpg,"apple-iphone-12-pro-max-256gb-2.jpg, apple-iphone-12-pro-max-256gb-3.jpg",Apple iPhone 12 Pro Max,256GB,Good,9170,
,apple-iphone-13-256gb.jpg,"apple-iphone-13-256gb-2.jpg, apple-iphone-13-256gb-3.jpg",Apple iPhone 13,256GB,Good,8170,
,apple-iphone-13-pro-128gb.jpg,"apple-iphone-13-pro-128gb-2.jpg, apple-iphone-13-pro-128gb-3.jpg",Apple iPhone 13 Pro,128GB,Good,8720,
,apple-iphone-13-pro-256gb.jpg,"apple-iphone-13-pro-256gb-2.jpg, apple-iphone-13-pro-256gb-3.jpg",Apple iPhone 13 Pro,256GB,Good,9220,
,apple-iphone-13-pro-max-128gb.jpg,"apple-iphone-13-pro-max-128gb-2.jpg, apple-iphone-13-pro-max-128gb-3.jpg",Apple iPhone 13 Pro Max,128GB,Good,9770,
,apple-iphone-13-pro-max-256gb.jpg,"apple-iphone-13-pro-max-256gb-2.jpg, apple-iphone-13-pro-max-256gb-3.jpg",Apple iPhone 13 Pro Max,256GB,Good,10270,
,apple-iphone-14-256gb.jpg,"apple-iphone-14-256gb-2.jpg, apple-iphone-14-256gb-3.jpg",Apple iPhone 14,256GB,Good,8770,
,apple-iphone-14-pro-128gb.jpg,"apple-iphone-14-pro-128gb-2.jpg, apple-iphone-14-pro-128gb-3.jpg",Apple iPhone 14 Pro,128GB,Good,10320,
,apple-iphone-14-pro-256gb.jpg,"apple-iphone-14-pro-256gb-2.jpg, apple-iphone-14-pro-256gb-3.jpg",Apple iPhone 14 Pro,256GB,Good,10820,
,apple-iphone-14-pro-max-128gb.jpg,"apple-iphone-14-pro-max-128gb-2.jpg, apple-iphone-14-pro-max-128gb-3.jpg",Apple iPhone 14 Pro Max,128GB,Good,11370,
,apple-iphone-14-pro-max-256gb.jpg,"apple-iphone-14-pro-max-256gb-2.jpg, apple-iphone-14-pro-max-256gb-3.jpg",Apple iPhone 14 Pro Max,256GB,Good,12370,
,apple-iphone-15-128gb.jpg,"apple-iphone-15-128gb-2.jpg, apple-iphone-15-128gb-3.jpg",Apple iPhone 15,128GB,Good,9870,
,apple-iphone-15-256gb.jpg,"apple-iphone-15-256gb-2.jpg, apple-iphone-15-256gb-3.jpg",Apple iPhone 15,256GB,Good,10870,
,apple-iphone-15-pro-128gb.jpg,"apple-iphone-15-pro-128gb-2.jpg, apple-iphone-15-pro-128gb-3.jpg",Apple iPhone 15 Pro,128GB,Good,12920,
,apple-iphone-15-pro-256gb.jpg,"apple-iphone-15-pro-256gb-2.jpg, apple-iphone-15-pro-256gb-3.jpg",Apple iPhone 15 Pro,256GB,Good,13920,
,apple-iphone-15-pro-max-128gb.jpg,"apple-iphone-15-pro-max-128gb-2.jpg, apple-iphone-15-pro-max-128gb-3.jpg",Apple iPhone 15 Pro Max,128GB,Good,14970,
,apple-iphone-15-pro-max-256gb.jpg,"apple-iphone-15-pro-max-256gb-2.jpg, apple-iphone-15-pro-max-256gb-3.jpg",Apple iPhone 15 Pro Max,256GB,Good,15970,
,apple-iphone-16-128gb.jpg,"apple-iphone-16-128gb-2.jpg, apple-iphone-16-128gb-3.jpg",Apple iPhone 16,128GB,Good,12220,
,apple-iphone-16-256gb.jpg,"apple-iphone-16-256gb-2.jpg, apple-iphone-16-256gb-3.jpg",Apple iPhone 16,256GB,Good,12970,
,apple-iphone-16-pro-128gb.jpg,"apple-iphone-16-pro-128gb-2.jpg, apple-iphone-16-pro-128gb-3.jpg",Apple iPhone 16 Pro,128GB,Good,15520,
,apple-iphone-16-pro-256gb.jpg,"apple-iphone-16-pro-256gb-2.jpg, apple-iphone-16-pro-256gb-3.jpg",Apple iPhone 16 Pro,256GB,Good,16520,
,apple-iphone-16-pro-max-256gb.jpg,"apple-iphone-16-pro-max-256gb-2.jpg, apple-iphone-16-pro-max-256gb-3.jpg",Apple iPhone 16 Pro Max,256GB,Good,19570,
,apple-iphone-17-256gb.jpg,"apple-iphone-17-256gb-2.jpg, apple-iphone-17-256gb-3.jpg",Apple iPhone 17,256GB,Good,16070,
,apple-iphone-17-pro-256gb-sealed.jpg,"apple-iphone-17-pro-256gb-sealed-2.jpg, apple-iphone-17-pro-256gb-sealed-3.jpg",Apple iPhone 17 Pro,256GB (Sealed),New,26620,
,apple-iphone-17-pro-max-256gb-sealed.jpg,"apple-iphone-17-pro-max-256gb-sealed-2.jpg, apple-iphone-17-pro-max-256gb-sealed-3.jpg",Apple iPhone 17 Pro Max,256GB (Sealed),New,30620,
,apple-iphone-xr-128gb.jpg,"apple-iphone-xr-128gb-2.jpg, apple-iphone-xr-128gb-3.jpg",Apple iPhone XR,128GB,Good,4470,
,apple-iphone-xr-64gb.jpg,"apple-iphone-xr-64gb-2.jpg, apple-iphone-xr-64gb-3.jpg",Apple iPhone XR,64GB,Good,3970,
,apple-macbook-air-13-inch-m2-256gb-midnight.jpg,"apple-macbook-air-13-inch-m2-256gb-midnight-2.jpg, apple-macbook-air-13-inch-m2-256gb-midnight-3.jpg",Apple MacBook Air 13-inch (M2),256GB,Good,10900,
,apple-macbook-air-13-inch-m3-256gb-midnight.jpg,"apple-macbook-air-13-inch-m3-256gb-midnight-2.jpg, apple-macbook-air-13-inch-m3-256gb-midnight-3.jpg",Apple MacBook Air 13-inch (M3),256GB,Good,15900,
,apple-macbook-air-15-inch-m2-256gb-space-grey.jpg,"apple-macbook-air-15-inch-m2-256gb-space-grey-2.jpg, apple-macbook-air-15-inch-m2-256gb-space-grey-3.jpg",Apple MacBook Air 15-inch (M2),256GB,Good,13900,
,apple-macbook-pro-13-inch-intel-i5-256gb-silver.jpg,"apple-macbook-pro-13-inch-intel-i5-256gb-silver-2.jpg, apple-macbook-pro-13-inch-intel-i5-256gb-silver-3.jpg",Apple MacBook Pro 13-inch (Intel i5),256GB,Good,10999,
,apple-macbook-pro-13-inch-m1-256gb-space-grey.jpg,"apple-macbook-pro-13-inch-m1-256gb-space-grey-2.jpg, apple-macbook-pro-13-inch-m1-256gb-space-grey-3.jpg",Apple MacBook Pro 13-inch (M1),256GB,Good,11500,
,apple-macbook-pro-14-inch-m1-pro-512gb-space-grey.jpg,"apple-macbook-pro-14-inch-m1-pro-512gb-space-grey-2.jpg, apple-macbook-pro-14-inch-m1-pro-512gb-space-grey-3.jpg",Apple MacBook Pro 14-inch (M1 Pro),512GB,Good,17500,
,apple-macbook-pro-14-inch-m2-pro-512gb-space-grey.jpg,"apple-macbook-pro-14-inch-m2-pro-512gb-space-grey-2.jpg, apple-macbook-pro-14-inch-m2-pro-512gb-space-grey-3.jpg",Apple MacBook Pro 14-inch (M2 Pro),512GB,Good,21500,
,apple-macbook-pro-16-inch-m1-pro-512gb-space-grey.jpg,"apple-macbook-pro-16-inch-m1-pro-512gb-space-grey-2.jpg, apple-macbook-pro-16-inch-m1-pro-512gb-space-grey-3.jpg",Apple MacBook Pro 16-inch (M1 Pro),512GB,Good,19500,
,asus-rog-strix-g15-i7-rtx-3060-512gb-black.jpg,"asus-rog-strix-g15-i7-rtx-3060-512gb-black-2.jpg, asus-rog-strix-g15-i7-rtx-3060-512gb-black-3.jpg",Asus ROG Strix G15 (i7 / RTX 3060),512GB,Good,14500,
,dell-inspiron-15-i5-256gb-silver.jpg,"dell-inspiron-15-i5-256gb-silver-2.jpg, dell-inspiron-15-i5-256gb-silver-3.jpg",Dell Inspiron 15 (i5),256GB,Good,5500,
,dell-latitude-5420-i5-11th-gen-256gb-black.jpg,"dell-latitude-5420-i5-11th-gen-256gb-black-2.jpg, dell-latitude-5420-i5-11th-gen-256gb-black-3.jpg",Dell Latitude 5420 (i5 11th Gen),256GB,Good,6500,
,dell-latitude-5520-i7-11th-gen-512gb-black.jpg,"dell-latitude-5520-i7-11th-gen-512gb-black-2.jpg, dell-latitude-5520-i7-11th-gen-512gb-black-3.jpg",Dell Latitude 5520 (i7 11th Gen),512GB,Good,9500,
,dell-latitude-7420-i7-11th-gen-512gb-black.jpg,"dell-latitude-7420-i7-11th-gen-512gb-black-2.jpg, dell-latitude-7420-i7-11th-gen-512gb-black-3.jpg",Dell Latitude 7420 (i7 11th Gen),512GB,Good,11500,
,hp-elitebook-840-g7-i5-256gb-silver.jpg,"hp-elitebook-840-g7-i5-256gb-silver-2.jpg, hp-elitebook-840-g7-i5-256gb-silver-3.jpg",HP EliteBook 840 G7 (i5),256GB,Good,6950,
,hp-elitebook-840-g8-i5-256gb-silver.jpg,"hp-elitebook-840-g8-i5-256gb-silver-2.jpg, hp-elitebook-840-g8-i5-256gb-silver-3.jpg",HP EliteBook 840 G8 (i5),256GB,Good,9999,
,hp-elitebook-850-g8-i7-512gb-silver.jpg,"hp-elitebook-850-g8-i7-512gb-silver-2.jpg, hp-elitebook-850-g8-i7-512gb-silver-3.jpg",HP EliteBook 850 G8 (i7),512GB,Good,11500,
,hp-pavilion-15-i5-256gb-silver.jpg,"hp-pavilion-15-i5-256gb-silver-2.jpg, hp-pavilion-15-i5-256gb-silver-3.jpg",HP Pavilion 15 (i5),256GB,Good,5800,
,lenovo-ideapad-3-i5-256gb-grey.jpg,"lenovo-ideapad-3-i5-256gb-grey-2.jpg, lenovo-ideapad-3-i5-256gb-grey-3.jpg",Lenovo IdeaPad 3 (i5),256GB,Good,5200,
,lenovo-thinkpad-t14-i7-512gb-black.jpg,"lenovo-thinkpad-t14-i7-512gb-black-2.jpg, lenovo-thinkpad-t14-i7-512gb-black-3.jpg",Lenovo ThinkPad T14 (i7),512GB,Good,10500,
,lenovo-thinkpad-t490-i5-256gb-black.jpg,"lenovo-thinkpad-t490-i5-256gb-black-2.jpg, lenovo-thinkpad-t490-i5-256gb-black-3.jpg",Lenovo ThinkPad T490 (i5),256GB,Good,5800,
,lenovo-thinkpad-x1-carbon-i7-512gb-black.jpg,"lenovo-thinkpad-x1-carbon-i7-512gb-black-2.jpg, lenovo-thinkpad-x1-carbon-i7-512gb-black-3.jpg",Lenovo ThinkPad X1 Carbon (i7),512GB,Good,13500,
,microsoft-xbox-360-slim-250gb-black.jpg,"microsoft-xbox-360-slim-250gb-black-2.jpg, microsoft-xbox-360-slim-250gb-black-3.jpg",Microsoft Xbox 360 Slim,250GB,Fair,1800,
,microsoft-xbox-one-s-1tb-white.jpg,"microsoft-xbox-one-s-1tb-white-2.jpg, microsoft-xbox-one-s-1tb-white-3.jpg",Microsoft Xbox One S,1TB,Good,3499,
,microsoft-xbox-one-x-1tb-black.jpg,"microsoft-xbox-one-x-1tb-black-2.jpg, microsoft-xbox-one-x-1tb-black-3.jpg",Microsoft Xbox One X,1TB,Good,4200,
,microsoft-xbox-series-s-512gb-white.jpg,"microsoft-xbox-series-s-512gb-white-2.jpg, microsoft-xbox-series-s-512gb-white-3.jpg",Microsoft Xbox Series S,512GB,Good,5999,
,microsoft-xbox-series-x-1tb-black.jpg,"microsoft-xbox-series-x-1tb-black-2.jpg, microsoft-xbox-series-x-1tb-black-3.jpg",Microsoft Xbox Series X,1TB,Good,10999,
,nintendo-switch-2-256gb-black.jpg,"nintendo-switch-2-256gb-black-2.jpg, nintendo-switch-2-256gb-black-3.jpg",Nintendo Switch 2,256GB,Like new,10999,
,nintendo-switch-32gb-neon-red-blue.jpg,"nintendo-switch-32gb-neon-red-blue-2.jpg, nintendo-switch-32gb-neon-red-blue-3.jpg",Nintendo Switch,32GB,Good,5499,
,nintendo-switch-lite-32gb-grey.jpg,"nintendo-switch-lite-32gb-grey-2.jpg, nintendo-switch-lite-32gb-grey-3.jpg",Nintendo Switch Lite,32GB,Good,3499,
,nintendo-switch-oled-64gb-white.jpg,"nintendo-switch-oled-64gb-white-2.jpg, nintendo-switch-oled-64gb-white-3.jpg",Nintendo Switch OLED,64GB,Good,7999,
,nintendo-wii-u-32gb-black.jpg,"nintendo-wii-u-32gb-black-2.jpg, nintendo-wii-u-32gb-black-3.jpg",Nintendo Wii U,32GB,Fair,1500,
,nintendo-wii-white.jpg,"nintendo-wii-white-2.jpg, nintendo-wii-white-3.jpg",Nintendo Wii,,Fair,900,
,samsung-galaxy-a14-64gb.jpg,"samsung-galaxy-a14-64gb-2.jpg, samsung-galaxy-a14-64gb-3.jpg",Samsung Galaxy A14,64GB,Good,2200,
,samsung-galaxy-a24-128gb.jpg,"samsung-galaxy-a24-128gb-2.jpg, samsung-galaxy-a24-128gb-3.jpg",Samsung Galaxy A24,128GB,Good,2900,
,samsung-galaxy-a34-128gb.jpg,"samsung-galaxy-a34-128gb-2.jpg, samsung-galaxy-a34-128gb-3.jpg",Samsung Galaxy A34,128GB,Good,3300,
,samsung-galaxy-a54-128gb.jpg,"samsung-galaxy-a54-128gb-2.jpg, samsung-galaxy-a54-128gb-3.jpg",Samsung Galaxy A54,128GB,Good,4600,
,samsung-galaxy-a55-128gb.jpg,"samsung-galaxy-a55-128gb-2.jpg, samsung-galaxy-a55-128gb-3.jpg",Samsung Galaxy A55,128GB,Good,5400,
,samsung-galaxy-note-20-128gb.jpg,"samsung-galaxy-note-20-128gb-2.jpg, samsung-galaxy-note-20-128gb-3.jpg",Samsung Galaxy Note 20,128GB,Good,4500,
,samsung-galaxy-note-20-ultra-256gb.jpg,"samsung-galaxy-note-20-ultra-256gb-2.jpg, samsung-galaxy-note-20-ultra-256gb-3.jpg",Samsung Galaxy Note 20 Ultra,256GB,Good,6000,
,samsung-galaxy-s21-128gb.jpg,"samsung-galaxy-s21-128gb-2.jpg, samsung-galaxy-s21-128gb-3.jpg",Samsung Galaxy S21,128GB,Good,3600,
,samsung-galaxy-s21-256gb.jpg,"samsung-galaxy-s21-256gb-2.jpg, samsung-galaxy-s21-256gb-3.jpg",Samsung Galaxy S21,256GB,Good,4300,
,samsung-galaxy-s21-plus-128gb.jpg,"samsung-galaxy-s21-plus-128gb-2.jpg, samsung-galaxy-s21-plus-128gb-3.jpg",Samsung Galaxy S21+,128GB,Good,4300,
,samsung-galaxy-s21-plus-256gb.jpg,"samsung-galaxy-s21-plus-256gb-2.jpg, samsung-galaxy-s21-plus-256gb-3.jpg",Samsung Galaxy S21+,256GB,Good,5000,
,samsung-galaxy-s21-ultra-128gb.jpg,"samsung-galaxy-s21-ultra-128gb-2.jpg, samsung-galaxy-s21-ultra-128gb-3.jpg",Samsung Galaxy S21 Ultra,128GB,Good,4800,
,samsung-galaxy-s21-ultra-256gb.jpg,"samsung-galaxy-s21-ultra-256gb-2.jpg, samsung-galaxy-s21-ultra-256gb-3.jpg",Samsung Galaxy S21 Ultra,256GB,Good,5200,
,samsung-galaxy-s22-128gb.jpg,"samsung-galaxy-s22-128gb-2.jpg, samsung-galaxy-s22-128gb-3.jpg",Samsung Galaxy S22,128GB,Good,5300,
,samsung-galaxy-s22-plus-128gb.jpg,"samsung-galaxy-s22-plus-128gb-2.jpg, samsung-galaxy-s22-plus-128gb-3.jpg",Samsung Galaxy S22+,128GB,Good,5800,
,samsung-galaxy-s22-plus-256gb.jpg,"samsung-galaxy-s22-plus-256gb-2.jpg, samsung-galaxy-s22-plus-256gb-3.jpg",Samsung Galaxy S22+,256GB,Good,6300,
,samsung-galaxy-s22-ultra-128gb.jpg,"samsung-galaxy-s22-ultra-128gb-2.jpg, samsung-galaxy-s22-ultra-128gb-3.jpg",Samsung Galaxy S22 Ultra,128GB,Good,7000,
,samsung-galaxy-s22-ultra-256gb.jpg,"samsung-galaxy-s22-ultra-256gb-2.jpg, samsung-galaxy-s22-ultra-256gb-3.jpg",Samsung Galaxy S22 Ultra,256GB,Good,7600,
,samsung-galaxy-s23-128gb.jpg,"samsung-galaxy-s23-128gb-2.jpg, samsung-galaxy-s23-128gb-3.jpg",Samsung Galaxy S23,128GB,Good,7800,
,samsung-galaxy-s23-plus-256gb.jpg,"samsung-galaxy-s23-plus-256gb-2.jpg, samsung-galaxy-s23-plus-256gb-3.jpg",Samsung Galaxy S23+,256GB,Good,9200,
,samsung-galaxy-s23-ultra-256gb.jpg,"samsung-galaxy-s23-ultra-256gb-2.jpg, samsung-galaxy-s23-ultra-256gb-3.jpg",Samsung Galaxy S23 Ultra,256GB,Good,10900,
,samsung-galaxy-s23-ultra-512gb.jpg,"samsung-galaxy-s23-ultra-512gb-2.jpg, samsung-galaxy-s23-ultra-512gb-3.jpg",Samsung Galaxy S23 Ultra,512GB,Good,11700,
,samsung-galaxy-s24-128gb.jpg,"samsung-galaxy-s24-128gb-2.jpg, samsung-galaxy-s24-128gb-3.jpg",Samsung Galaxy S24,128GB,Good,9900,
,samsung-galaxy-s24-256gb.jpg,"samsung-galaxy-s24-256gb-2.jpg, samsung-galaxy-s24-256gb-3.jpg",Samsung Galaxy S24,256GB,Good,10700,
,samsung-galaxy-s24-plus-256gb.jpg,"samsung-galaxy-s24-plus-256gb-2.jpg, samsung-galaxy-s24-plus-256gb-3.jpg",Samsung Galaxy S24+,256GB,Good,11800,
,samsung-galaxy-s24-ultra-256gb.jpg,"samsung-galaxy-s24-ultra-256gb-2.jpg, samsung-galaxy-s24-ultra-256gb-3.jpg",Samsung Galaxy S24 Ultra,256GB,Good,13900,
,samsung-galaxy-s24-ultra-512gb.jpg,"samsung-galaxy-s24-ultra-512gb-2.jpg, samsung-galaxy-s24-ultra-512gb-3.jpg",Samsung Galaxy S24 Ultra,512GB,Good,14900,
,samsung-galaxy-s25-128gb.jpg,"samsung-galaxy-s25-128gb-2.jpg, samsung-galaxy-s25-128gb-3.jpg",Samsung Galaxy S25,128GB,Good,12500,
,samsung-galaxy-s25-ultra-256gb.jpg,"samsung-galaxy-s25-ultra-256gb-2.jpg, samsung-galaxy-s25-ultra-256gb-3.jpg",Samsung Galaxy S25 Ultra,256GB,Good,17500,
,samsung-galaxy-z-flip-4-256gb.jpg,"samsung-galaxy-z-flip-4-256gb-2.jpg, samsung-galaxy-z-flip-4-256gb-3.jpg",Samsung Galaxy Z Flip 4,256GB,Good,6200,
,samsung-galaxy-z-flip-5-256gb.jpg,"samsung-galaxy-z-flip-5-256gb-2.jpg, samsung-galaxy-z-flip-5-256gb-3.jpg",Samsung Galaxy Z Flip 5,256GB,Good,9200,
,samsung-galaxy-z-flip-6-256gb.jpg,"samsung-galaxy-z-flip-6-256gb-2.jpg, samsung-galaxy-z-flip-6-256gb-3.jpg",Samsung Galaxy Z Flip 6,256GB,Good,12500,
,samsung-galaxy-z-fold-4-256gb.jpg,"samsung-galaxy-z-fold-4-256gb-2.jpg, samsung-galaxy-z-fold-4-256gb-3.jpg",Samsung Galaxy Z Fold 4,256GB,Good,11500,
,samsung-galaxy-z-fold-5-256gb.jpg,"samsung-galaxy-z-fold-5-256gb-2.jpg, samsung-galaxy-z-fold-5-256gb-3.jpg",Samsung Galaxy Z Fold 5,256GB,Good,16500,
,samsung-galaxy-z-fold-6-256gb.jpg,"samsung-galaxy-z-fold-6-256gb-2.jpg, samsung-galaxy-z-fold-6-256gb-3.jpg",Samsung Galaxy Z Fold 6,256GB,Good,19500,
,sony-playstation-3-slim-500gb-black.jpg,"sony-playstation-3-slim-500gb-black-2.jpg, sony-playstation-3-slim-500gb-black-3.jpg",Sony PlayStation 3 Slim,500GB,Fair,1800,
,sony-playstation-4-pro-1tb-black.jpg,"sony-playstation-4-pro-1tb-black-2.jpg, sony-playstation-4-pro-1tb-black-3.jpg",Sony PlayStation 4 Pro,1TB,Good,5499,
,sony-playstation-4-slim-500gb-black.jpg,"sony-playstation-4-slim-500gb-black-2.jpg, sony-playstation-4-slim-500gb-black-3.jpg",Sony PlayStation 4 Slim,500GB,Good,3499,
,sony-playstation-5-pro-2tb-white.jpg,"sony-playstation-5-pro-2tb-white-2.jpg, sony-playstation-5-pro-2tb-white-3.jpg",Sony PlayStation 5 Pro,2TB,Like new,14999,
,sony-playstation-5-slim-disc-1tb-white.jpg,"sony-playstation-5-slim-disc-1tb-white-2.jpg, sony-playstation-5-slim-disc-1tb-white-3.jpg",Sony PlayStation 5 Slim (Disc),1TB,Good,8999,
