csv_filename,device,status,source_title,file_page,original_url,width,height,licence,licence_url,author,credit_text,caveats,downloaded_url
apple-iphone-11-128gb.jpg,Apple iPhone 11,No selected candidate in this pass,,,,,,,,,,,
apple-iphone-11-64gb.jpg,Apple iPhone 11,No selected candidate in this pass,,,,,,,,,,,
apple-iphone-11-pro-256gb.jpg,Apple iPhone 11 Pro,"DELIVERED scaled source file, unedited; downloaded pixels checked",20191227 iPhone 11 Pro 1.jpg,https://commons.wikimedia.org/wiki/File:20191227_iPhone_11_Pro_1.jpg,https://upload.wikimedia.org/wikipedia/commons/a/a5/20191227_iPhone_11_Pro_1.jpg?utm_source=commons.wikimedia.org&utm_campaign=imageinfo&utm_content=original,1280,642,CC BY-SA 4.0,https://creativecommons.org/licenses/by-sa/4.0,Ralph Emmerich,"20191227 iPhone 11 Pro 1.jpg by Ralph Emmerich, CC BY-SA 4.0. Source: https://commons.wikimedia.org/wiki/File:20191227_iPhone_11_Pro_1.jpg. Licence: https://creativecommons.org/licenses/by-sa/4.0. Unmodified.","Midnight green, storage unverified. Rear photograph, tight framing.",https://thumb.wikimedia.org/wikipedia/commons/thumb/a/a5/20191227_iPhone_11_Pro_1.jpg/1280px-20191227_iPhone_11_Pro_1.jpg?utm_source=commons.wikimedia.org&utm_campaign=imageinfo&utm_content=thumbnail
apple-iphone-11-pro-64gb.jpg,Apple iPhone 11 Pro,"DELIVERED scaled source file, unedited; downloaded pixels checked",20191227 iPhone 11 Pro 1.jpg,https://commons.wikimedia.org/wiki/File:20191227_iPhone_11_Pro_1.jpg,https://upload.wikimedia.org/wikipedia/commons/a/a5/20191227_iPhone_11_Pro_1.jpg?utm_source=commons.wikimedia.org&utm_campaign=imageinfo&utm_content=original,1280,642,CC BY-SA 4.0,https://creativecommons.org/licenses/by-sa/4.0,Ralph Emmerich,"20191227 iPhone 11 Pro 1.jpg by Ralph Emmerich, CC BY-SA 4.0. Source: https://commons.wikimedia.org/wiki/File:20191227_iPhone_11_Pro_1.jpg. Licence: https://creativecommons.org/licenses/by-sa/4.0. Unmodified.","Midnight green, storage unverified. Rear photograph, tight framing.",https://thumb.wikimedia.org/wikipedia/commons/thumb/a/a5/20191227_iPhone_11_Pro_1.jpg/1280px-20191227_iPhone_11_Pro_1.jpg?utm_source=commons.wikimedia.org&utm_campaign=imageinfo&utm_content=thumbnail
apple-iphone-11-pro-max-256gb.jpg,Apple iPhone 11 Pro Max,"DELIVERED scaled source file, unedited; downloaded pixels checked",Scan of back of iPhone 11 Pro Max Space Grey.jpg,https://commons.wikimedia.org/wiki/File:Scan_of_back_of_iPhone_11_Pro_Max_Space_Grey.jpg,https://upload.wikimedia.org/wikipedia/commons/8/81/Scan_of_back_of_iPhone_11_Pro_Max_Space_Grey.jpg?utm_source=commons.wikimedia.org&utm_campaign=imageinfo&utm_content=original,960,1594,CC BY-SA 4.0,https://creativecommons.org/licenses/by-sa/4.0,Dllu,"Scan of back of iPhone 11 Pro Max Space Grey.jpg by Dllu, CC BY-SA 4.0. Source: https://commons.wikimedia.org/wiki/File:Scan_of_back_of_iPhone_11_Pro_Max_Space_Grey.jpg. Licence: https://creativecommons.org/licenses/by-sa/4.0. Unmodified.","Space grey scan of rear, storage unverified.",https://thumb.wikimedia.org/wikipedia/commons/thumb/8/81/Scan_of_back_of_iPhone_11_Pro_Max_Space_Grey.jpg/960px-Scan_of_back_of_iPhone_11_Pro_Max_Space_Grey.jpg?utm_source=commons.wikimedia.org&utm_campaign=imageinfo&utm_content=thumbnail
apple-iphone-11-pro-max-64gb.jpg,Apple iPhone 11 Pro Max,"DELIVERED scaled source file, unedited; downloaded pixels checked",Scan of back of iPhone 11 Pro Max Space Grey.jpg,https://commons.wikimedia.org/wiki/File:Scan_of_back_of_iPhone_11_Pro_Max_Space_Grey.jpg,https://upload.wikimedia.org/wikipedia/commons/8/81/Scan_of_back_of_iPhone_11_Pro_Max_Space_Grey.jpg?utm_source=commons.wikimedia.org&utm_campaign=imageinfo&utm_content=original,960,1594,CC BY-SA 4.0,https://creativecommons.org/licenses/by-sa/4.0,Dllu,"Scan of back of iPhone 11 Pro Max Space Grey.jpg by Dllu, CC BY-SA 4.0. Source: https://commons.wikimedia.org/wiki/File:Scan_of_back_of_iPhone_11_Pro_Max_Space_Grey.jpg. Licence: https://creativecommons.org/licenses/by-sa/4.0. Unmodified.","Space grey scan of rear, storage unverified.",https://thumb.wikimedia.org/wikipedia/commons/thumb/8/81/Scan_of_back_of_iPhone_11_Pro_Max_Space_Grey.jpg/960px-Scan_of_back_of_iPhone_11_Pro_Max_Space_Grey.jpg?utm_source=commons.wikimedia.org&utm_campaign=imageinfo&utm_content=thumbnail
apple-iphone-12-128gb.jpg,Apple iPhone 12,No selected candidate in this pass,,,,,,,,,,,
apple-iphone-13-256gb.jpg,Apple iPhone 13,No selected candidate in this pass,,,,,,,,,,,
apple-iphone-13-pro-max-128gb.jpg,Apple iPhone 13 Pro Max,No selected candidate in this pass,,,,,,,,,,,
apple-iphone-13-pro-max-256gb.jpg,Apple iPhone 13 Pro Max,No selected candidate in this pass,,,,,,,,,,,
apple-iphone-14-256gb.jpg,Apple iPhone 14,"DELIVERED scaled source file, unedited; downloaded pixels checked",IPhone 14 Product Red.jpg,https://commons.wikimedia.org/wiki/File:IPhone_14_Product_Red.jpg,https://upload.wikimedia.org/wikipedia/commons/c/c8/IPhone_14_Product_Red.jpg?utm_source=commons.wikimedia.org&utm_campaign=imageinfo&utm_content=original,960,1617,CC BY-SA 4.0,https://creativecommons.org/licenses/by-sa/4.0,Hajoon0102,"IPhone 14 Product Red.jpg by Hajoon0102, CC BY-SA 4.0. Source: https://commons.wikimedia.org/wiki/File:IPhone_14_Product_Red.jpg. Licence: https://creativecommons.org/licenses/by-sa/4.0. Unmodified.",Red phone rather than unspecified colour; storage unverified.,https://thumb.wikimedia.org/wikipedia/commons/thumb/c/c8/IPhone_14_Product_Red.jpg/960px-IPhone_14_Product_Red.jpg?utm_source=commons.wikimedia.org&utm_campaign=imageinfo&utm_content=thumbnail
apple-iphone-15-pro-128gb.jpg,Apple iPhone 15 Pro,No selected candidate in this pass,,,,,,,,,,,
apple-iphone-15-pro-256gb.jpg,Apple iPhone 15 Pro,No selected candidate in this pass,,,,,,,,,,,
apple-iphone-15-pro-max-128gb.jpg,Apple iPhone 15 Pro Max,No selected candidate in this pass,,,,,,,,,,,
apple-iphone-15-pro-max-256gb.jpg,Apple iPhone 15 Pro Max,No selected candidate in this pass,,,,,,,,,,,
apple-iphone-16-128gb.jpg,Apple iPhone 16,No selected candidate in this pass,,,,,,,,,,,
apple-iphone-16-256gb.jpg,Apple iPhone 16,No selected candidate in this pass,,,,,,,,,,,
apple-iphone-16-pro-128gb.jpg,Apple iPhone 16 Pro,No selected candidate in this pass,,,,,,,,,,,
apple-iphone-16-pro-256gb.jpg,Apple iPhone 16 Pro,No selected candidate in this pass,,,,,,,,,,,
apple-iphone-16-pro-max-256gb.jpg,Apple iPhone 16 Pro Max,No selected candidate in this pass,,,,,,,,,,,
apple-iphone-17-256gb.jpg,Apple iPhone 17,"DELIVERED scaled source file, unedited; downloaded pixels checked",Black iPhone 17.jpg,https://commons.wikimedia.org/wiki/File:Black_iPhone_17.jpg,https://upload.wikimedia.org/wikipedia/commons/5/56/Black_iPhone_17.jpg?utm_source=commons.wikimedia.org&utm_campaign=imageinfo&utm_content=original,1280,1920,CC0,http://creativecommons.org/publicdomain/zero/1.0/deed.en,Ahmad Ali Karim,"Black iPhone 17.jpg by Ahmad Ali Karim, CC0. Source: https://commons.wikimedia.org/wiki/File:Black_iPhone_17.jpg. Licence: http://creativecommons.org/publicdomain/zero/1.0/deed.en. Unmodified.",Black store demo on a support stand; storage/sealed condition unverified.,https://thumb.wikimedia.org/wikipedia/commons/thumb/5/56/Black_iPhone_17.jpg/1280px-Black_iPhone_17.jpg?utm_source=commons.wikimedia.org&utm_campaign=imageinfo&utm_content=thumbnail
apple-macbook-air-13-inch-m2-256gb-midnight.jpg,Apple MacBook Air 13-inch (M2),No selected candidate in this pass,,,,,,,,,,,
apple-macbook-air-13-inch-m3-256gb-midnight.jpg,Apple MacBook Air 13-inch (M3),No selected candidate in this pass,,,,,,,,,,,
apple-macbook-air-15-inch-m2-256gb-space-grey.jpg,Apple MacBook Air 15-inch (M2),"DELIVERED scaled source file, unedited; downloaded pixels checked",Macbook Air 15 inch - 1.jpg,https://commons.wikimedia.org/wiki/File:Macbook_Air_15_inch_-_1.jpg,https://upload.wikimedia.org/wikipedia/commons/7/72/Macbook_Air_15_inch_-_1.jpg?utm_source=commons.wikimedia.org&utm_campaign=imageinfo&utm_content=original,960,720,CC BY-SA 4.0,https://creativecommons.org/licenses/by-sa/4.0,KKPCW（Kyu3）,"Macbook Air 15 inch - 1.jpg by KKPCW（Kyu3）, CC BY-SA 4.0. Source: https://commons.wikimedia.org/wiki/File:Macbook_Air_15_inch_-_1.jpg. Licence: https://creativecommons.org/licenses/by-sa/4.0. Unmodified.",15-inch retail demo; chip not confirmed in source; silver instead of CSV space grey.,https://thumb.wikimedia.org/wikipedia/commons/thumb/7/72/Macbook_Air_15_inch_-_1.jpg/960px-Macbook_Air_15_inch_-_1.jpg?utm_source=commons.wikimedia.org&utm_campaign=imageinfo&utm_content=thumbnail
asus-rog-strix-g15-i7-rtx-3060-512gb-black.jpg,Asus ROG Strix G15 (i7 / RTX 3060),"DELIVERED scaled source file, unedited; downloaded pixels checked",ASUS ROG Strix G15 (G513QY-HQ012T)-front oblique PNr°0884.jpg,https://commons.wikimedia.org/wiki/File:ASUS_ROG_Strix_G15_(G513QY-HQ012T)-front_oblique_PNr%C2%B00884.jpg,https://upload.wikimedia.org/wikipedia/commons/9/9f/ASUS_ROG_Strix_G15_%28G513QY-HQ012T%29-front_oblique_PNr%C2%B00884.jpg?utm_source=commons.wikimedia.org&utm_campaign=imageinfo&utm_content=original,1280,1004,CC BY-SA 4.0,https://creativecommons.org/licenses/by-sa/4.0,D-Kuru,"ASUS ROG Strix G15 (G513QY-HQ012T)-front oblique PNr°0884.jpg by D-Kuru, CC BY-SA 4.0. Source: https://commons.wikimedia.org/wiki/File:ASUS_ROG_Strix_G15_(G513QY-HQ012T)-front_oblique_PNr%C2%B00884.jpg. Licence: https://creativecommons.org/licenses/by-sa/4.0. Unmodified.","G513QY-HQ012T is a different hardware configuration, not proof of i7/RTX3060; same-family placeholder only.",https://thumb.wikimedia.org/wikipedia/commons/thumb/9/9f/ASUS_ROG_Strix_G15_%28G513QY-HQ012T%29-front_oblique_PNr%C2%B00884.jpg/1280px-ASUS_ROG_Strix_G15_%28G513QY-HQ012T%29-front_oblique_PNr%C2%B00884.jpg?utm_source=commons.wikimedia.org&utm_campaign=imageinfo&utm_content=thumbnail
dell-inspiron-15-i5-256gb-silver.jpg,Dell Inspiron 15 (i5),No selected candidate in this pass,,,,,,,,,,,
dell-latitude-5420-i5-11th-gen-256gb-black.jpg,Dell Latitude 5420 (i5 11th Gen),No selected candidate in this pass,,,,,,,,,,,
dell-latitude-5520-i7-11th-gen-512gb-black.jpg,Dell Latitude 5520 (i7 11th Gen),No selected candidate in this pass,,,,,,,,,,,
dell-latitude-7420-i7-11th-gen-512gb-black.jpg,Dell Latitude 7420 (i7 11th Gen),No selected candidate in this pass,,,,,,,,,,,
hp-elitebook-840-g7-i5-256gb-silver.jpg,HP EliteBook 840 G7 (i5),No selected candidate in this pass,,,,,,,,,,,
hp-elitebook-840-g8-i5-256gb-silver.jpg,HP EliteBook 840 G8 (i5),No selected candidate in this pass,,,,,,,,,,,
hp-elitebook-850-g8-i7-512gb-silver.jpg,HP EliteBook 850 G8 (i7),No selected candidate in this pass,,,,,,,,,,,
lenovo-ideapad-3-i5-256gb-grey.jpg,Lenovo IdeaPad 3 (i5),No selected candidate in this pass,,,,,,,,,,,
lenovo-thinkpad-t14-i7-512gb-black.jpg,Lenovo ThinkPad T14 (i7),"DELIVERED scaled source file, unedited; downloaded pixels checked",ThinkPad T14.jpg,https://commons.wikimedia.org/wiki/File:ThinkPad_T14.jpg,https://upload.wikimedia.org/wikipedia/commons/a/ac/ThinkPad_T14.jpg?utm_source=commons.wikimedia.org&utm_campaign=imageinfo&utm_content=original,960,720,CC0,http://creativecommons.org/publicdomain/zero/1.0/deed.en,Edvard10,"ThinkPad T14.jpg by Edvard10, CC0. Source: https://commons.wikimedia.org/wiki/File:ThinkPad_T14.jpg. Licence: http://creativecommons.org/publicdomain/zero/1.0/deed.en. Unmodified.",CPU/storage/generation not established; screen contains Wikipedia. Same-family placeholder.,https://thumb.wikimedia.org/wikipedia/commons/thumb/a/ac/ThinkPad_T14.jpg/960px-ThinkPad_T14.jpg?utm_source=commons.wikimedia.org&utm_campaign=imageinfo&utm_content=thumbnail
lenovo-thinkpad-t490-i5-256gb-black.jpg,Lenovo ThinkPad T490 (i5),"DELIVERED scaled source file, unedited; downloaded pixels checked",Lenovo ThinkPad T490.jpg,https://commons.wikimedia.org/wiki/File:Lenovo_ThinkPad_T490.jpg,https://upload.wikimedia.org/wikipedia/commons/0/06/Lenovo_ThinkPad_T490.jpg?utm_source=commons.wikimedia.org&utm_campaign=imageinfo&utm_content=original,960,945,CC BY 4.0,https://creativecommons.org/licenses/by/4.0,P2u111,"Lenovo ThinkPad T490.jpg by P2u111, CC BY 4.0. Source: https://commons.wikimedia.org/wiki/File:Lenovo_ThinkPad_T490.jpg. Licence: https://creativecommons.org/licenses/by/4.0. Unmodified.",CPU/storage unverified; screen image is credited CC0 by source author.,https://thumb.wikimedia.org/wikipedia/commons/thumb/0/06/Lenovo_ThinkPad_T490.jpg/960px-Lenovo_ThinkPad_T490.jpg?utm_source=commons.wikimedia.org&utm_campaign=imageinfo&utm_content=thumbnail
lenovo-thinkpad-x1-carbon-i7-512gb-black.jpg,Lenovo ThinkPad X1 Carbon (i7),"DELIVERED scaled source file, unedited; downloaded pixels checked",Lenovo ThinkPad X1 Carbon Ultrabook.jpg,https://commons.wikimedia.org/wiki/File:Lenovo_ThinkPad_X1_Carbon_Ultrabook.jpg,https://upload.wikimedia.org/wikipedia/commons/4/48/Lenovo_ThinkPad_X1_Carbon_Ultrabook.jpg?utm_source=commons.wikimedia.org&utm_campaign=imageinfo&utm_content=original,960,620,CC BY-SA 4.0,https://creativecommons.org/licenses/by-sa/4.0,Elroygoh,"Lenovo ThinkPad X1 Carbon Ultrabook.jpg by Elroygoh, CC BY-SA 4.0. Source: https://commons.wikimedia.org/wiki/File:Lenovo_ThinkPad_X1_Carbon_Ultrabook.jpg. Licence: https://creativecommons.org/licenses/by-sa/4.0. Unmodified.",Generation/CPU/storage unverified; broad family match.,https://thumb.wikimedia.org/wikipedia/commons/thumb/4/48/Lenovo_ThinkPad_X1_Carbon_Ultrabook.jpg/960px-Lenovo_ThinkPad_X1_Carbon_Ultrabook.jpg?utm_source=commons.wikimedia.org&utm_campaign=imageinfo&utm_content=thumbnail
microsoft-xbox-360-slim-250gb-black.jpg,Microsoft Xbox 360 Slim,"DELIVERED scaled source file, unedited; downloaded pixels checked",Xbox-360S-Console-Set.jpg,https://commons.wikimedia.org/wiki/File:Xbox-360S-Console-Set.jpg,https://upload.wikimedia.org/wikipedia/commons/7/76/Xbox-360S-Console-Set.jpg?utm_source=commons.wikimedia.org&utm_campaign=imageinfo&utm_content=original,960,1322,Public domain,,Evan-Amos,"Xbox-360S-Console-Set.jpg by Evan-Amos, Public domain. Source: https://commons.wikimedia.org/wiki/File:Xbox-360S-Console-Set.jpg. Unmodified.","Source explicitly identifies matte 4GB model, NOT listed 250GB. Same-family placeholder only.",https://thumb.wikimedia.org/wikipedia/commons/thumb/7/76/Xbox-360S-Console-Set.jpg/960px-Xbox-360S-Console-Set.jpg?utm_source=commons.wikimedia.org&utm_campaign=imageinfo&utm_content=thumbnail
nintendo-wii-u-32gb-black.jpg,Nintendo Wii U,"DELIVERED scaled source file, unedited; downloaded pixels checked",Nintendo-Wii-U-Console-BR.jpg,https://commons.wikimedia.org/wiki/File:Nintendo-Wii-U-Console-BR.jpg,https://upload.wikimedia.org/wikipedia/commons/6/68/Nintendo-Wii-U-Console-BR.jpg?utm_source=commons.wikimedia.org&utm_campaign=imageinfo&utm_content=original,960,649,Public domain,,Evan-Amos,"Nintendo-Wii-U-Console-BR.jpg by Evan-Amos, Public domain. Source: https://commons.wikimedia.org/wiki/File:Nintendo-Wii-U-Console-BR.jpg. Unmodified.","Black console alone, no GamePad; storage unverified.",https://thumb.wikimedia.org/wikipedia/commons/thumb/6/68/Nintendo-Wii-U-Console-BR.jpg/960px-Nintendo-Wii-U-Console-BR.jpg?utm_source=commons.wikimedia.org&utm_campaign=imageinfo&utm_content=thumbnail
samsung-galaxy-a14-64gb.jpg,Samsung Galaxy A14,"DELIVERED scaled source file, unedited; downloaded pixels checked",Galaxy A14 Back.jpg,https://commons.wikimedia.org/wiki/File:Galaxy_A14_Back.jpg,https://upload.wikimedia.org/wikipedia/commons/1/1c/Galaxy_A14_Back.jpg?utm_source=commons.wikimedia.org&utm_campaign=imageinfo&utm_content=original,1280,1707,CC0,http://creativecommons.org/publicdomain/zero/1.0/deed.en,GalaxyDoge72,"Galaxy A14 Back.jpg by GalaxyDoge72, CC0. Source: https://commons.wikimedia.org/wiki/File:Galaxy_A14_Back.jpg. Licence: http://creativecommons.org/publicdomain/zero/1.0/deed.en. Unmodified.",5G version; CSV does not state LTE or 5G. Storage unverified; dark photo.,https://thumb.wikimedia.org/wikipedia/commons/thumb/1/1c/Galaxy_A14_Back.jpg/1280px-Galaxy_A14_Back.jpg?utm_source=commons.wikimedia.org&utm_campaign=imageinfo&utm_content=thumbnail
samsung-galaxy-a24-128gb.jpg,Samsung Galaxy A24,No selected candidate in this pass,,,,,,,,,,,
samsung-galaxy-a34-128gb.jpg,Samsung Galaxy A34,No selected candidate in this pass,,,,,,,,,,,
samsung-galaxy-a54-128gb.jpg,Samsung Galaxy A54,No selected candidate in this pass,,,,,,,,,,,
samsung-galaxy-a55-128gb.jpg,Samsung Galaxy A55,"DELIVERED scaled source file, unedited; downloaded pixels checked",Galaxy A55.jpg,https://commons.wikimedia.org/wiki/File:Galaxy_A55.jpg,https://upload.wikimedia.org/wikipedia/commons/b/b4/Galaxy_A55.jpg?utm_source=commons.wikimedia.org&utm_campaign=imageinfo&utm_content=original,1200,1600,CC BY-SA 4.0,https://creativecommons.org/licenses/by-sa/4.0,OneUIExplorer,"Galaxy A55.jpg by OneUIExplorer, CC BY-SA 4.0. Source: https://commons.wikimedia.org/wiki/File:Galaxy_A55.jpg. Licence: https://creativecommons.org/licenses/by-sa/4.0. Unmodified.",Front phone on wooden surface; storage unverified.,https://upload.wikimedia.org/wikipedia/commons/b/b4/Galaxy_A55.jpg?utm_source=commons.wikimedia.org&utm_campaign=imageinfo&utm_content=thumbnail_unscaled
samsung-galaxy-note-20-128gb.jpg,Samsung Galaxy Note 20,No selected candidate in this pass,,,,,,,,,,,
samsung-galaxy-note-20-ultra-256gb.jpg,Samsung Galaxy Note 20 Ultra,No selected candidate in this pass,,,,,,,,,,,
samsung-galaxy-s21-128gb.jpg,Samsung Galaxy S21,No selected candidate in this pass,,,,,,,,,,,
samsung-galaxy-s21-256gb.jpg,Samsung Galaxy S21,No selected candidate in this pass,,,,,,,,,,,
samsung-galaxy-s21-plus-128gb.jpg,Samsung Galaxy S21+,No selected candidate in this pass,,,,,,,,,,,
samsung-galaxy-s21-plus-256gb.jpg,Samsung Galaxy S21+,No selected candidate in this pass,,,,,,,,,,,
samsung-galaxy-s21-ultra-128gb.jpg,Samsung Galaxy S21 Ultra,No selected candidate in this pass,,,,,,,,,,,
samsung-galaxy-s21-ultra-256gb.jpg,Samsung Galaxy S21 Ultra,No selected candidate in this pass,,,,,,,,,,,
samsung-galaxy-s22-128gb.jpg,Samsung Galaxy S22,No selected candidate in this pass,,,,,,,,,,,
samsung-galaxy-s22-ultra-128gb.jpg,Samsung Galaxy S22 Ultra,"DELIVERED scaled source file, unedited; downloaded pixels checked",SAMSUNG Galaxy S22 Ultra BLACK (9).jpg,https://commons.wikimedia.org/wiki/File:SAMSUNG_Galaxy_S22_Ultra_BLACK_(9).jpg,https://upload.wikimedia.org/wikipedia/commons/8/8c/SAMSUNG_Galaxy_S22_Ultra_BLACK_%289%29.jpg?utm_source=commons.wikimedia.org&utm_campaign=imageinfo&utm_content=original,960,536,CC BY-SA 4.0,https://creativecommons.org/licenses/by-sa/4.0,Dinkun Chen,"SAMSUNG Galaxy S22 Ultra BLACK (9).jpg by Dinkun Chen, CC BY-SA 4.0. Source: https://commons.wikimedia.org/wiki/File:SAMSUNG_Galaxy_S22_Ultra_BLACK_(9).jpg. Licence: https://creativecommons.org/licenses/by-sa/4.0. Unmodified.",Black rear with S Pen; storage unverified.,https://thumb.wikimedia.org/wikipedia/commons/thumb/8/8c/SAMSUNG_Galaxy_S22_Ultra_BLACK_%289%29.jpg/960px-SAMSUNG_Galaxy_S22_Ultra_BLACK_%289%29.jpg?utm_source=commons.wikimedia.org&utm_campaign=imageinfo&utm_content=thumbnail
samsung-galaxy-s22-ultra-256gb.jpg,Samsung Galaxy S22 Ultra,"DELIVERED scaled source file, unedited; downloaded pixels checked",SAMSUNG Galaxy S22 Ultra BLACK (9).jpg,https://commons.wikimedia.org/wiki/File:SAMSUNG_Galaxy_S22_Ultra_BLACK_(9).jpg,https://upload.wikimedia.org/wikipedia/commons/8/8c/SAMSUNG_Galaxy_S22_Ultra_BLACK_%289%29.jpg?utm_source=commons.wikimedia.org&utm_campaign=imageinfo&utm_content=original,960,536,CC BY-SA 4.0,https://creativecommons.org/licenses/by-sa/4.0,Dinkun Chen,"SAMSUNG Galaxy S22 Ultra BLACK (9).jpg by Dinkun Chen, CC BY-SA 4.0. Source: https://commons.wikimedia.org/wiki/File:SAMSUNG_Galaxy_S22_Ultra_BLACK_(9).jpg. Licence: https://creativecommons.org/licenses/by-sa/4.0. Unmodified.",Black rear with S Pen; storage unverified.,https://thumb.wikimedia.org/wikipedia/commons/thumb/8/8c/SAMSUNG_Galaxy_S22_Ultra_BLACK_%289%29.jpg/960px-SAMSUNG_Galaxy_S22_Ultra_BLACK_%289%29.jpg?utm_source=commons.wikimedia.org&utm_campaign=imageinfo&utm_content=thumbnail
samsung-galaxy-s23-128gb.jpg,Samsung Galaxy S23,No selected candidate in this pass,,,,,,,,,,,
samsung-galaxy-s23-plus-256gb.jpg,Samsung Galaxy S23+,No selected candidate in this pass,,,,,,,,,,,
samsung-galaxy-s23-ultra-256gb.jpg,Samsung Galaxy S23 Ultra,No selected candidate in this pass,,,,,,,,,,,
samsung-galaxy-s23-ultra-512gb.jpg,Samsung Galaxy S23 Ultra,No selected candidate in this pass,,,,,,,,,,,
samsung-galaxy-s24-ultra-256gb.jpg,Samsung Galaxy S24 Ultra,"DELIVERED scaled source file, unedited; downloaded pixels checked","Samsung Galaxy S24 Ultra with retail box, rear.jpg","https://commons.wikimedia.org/wiki/File:Samsung_Galaxy_S24_Ultra_with_retail_box,_rear.jpg",https://upload.wikimedia.org/wikipedia/commons/1/1e/Samsung_Galaxy_S24_Ultra_with_retail_box%2C_rear.jpg?utm_source=commons.wikimedia.org&utm_campaign=imageinfo&utm_content=original,960,640,CC BY-SA 4.0,https://creativecommons.org/licenses/by-sa/4.0,Benlisquare,"Samsung Galaxy S24 Ultra with retail box, rear.jpg by Benlisquare, CC BY-SA 4.0. Source: https://commons.wikimedia.org/wiki/File:Samsung_Galaxy_S24_Ultra_with_retail_box,_rear.jpg. Licence: https://creativecommons.org/licenses/by-sa/4.0. Unmodified.",Rear phone with retail box; storage unverified.,https://thumb.wikimedia.org/wikipedia/commons/thumb/1/1e/Samsung_Galaxy_S24_Ultra_with_retail_box%2C_rear.jpg/960px-Samsung_Galaxy_S24_Ultra_with_retail_box%2C_rear.jpg?utm_source=commons.wikimedia.org&utm_campaign=imageinfo&utm_content=thumbnail
samsung-galaxy-s24-ultra-512gb.jpg,Samsung Galaxy S24 Ultra,"DELIVERED scaled source file, unedited; downloaded pixels checked","Samsung Galaxy S24 Ultra with retail box, rear.jpg","https://commons.wikimedia.org/wiki/File:Samsung_Galaxy_S24_Ultra_with_retail_box,_rear.jpg",https://upload.wikimedia.org/wikipedia/commons/1/1e/Samsung_Galaxy_S24_Ultra_with_retail_box%2C_rear.jpg?utm_source=commons.wikimedia.org&utm_campaign=imageinfo&utm_content=original,960,640,CC BY-SA 4.0,https://creativecommons.org/licenses/by-sa/4.0,Benlisquare,"Samsung Galaxy S24 Ultra with retail box, rear.jpg by Benlisquare, CC BY-SA 4.0. Source: https://commons.wikimedia.org/wiki/File:Samsung_Galaxy_S24_Ultra_with_retail_box,_rear.jpg. Licence: https://creativecommons.org/licenses/by-sa/4.0. Unmodified.",Rear phone with retail box; storage unverified.,https://thumb.wikimedia.org/wikipedia/commons/thumb/1/1e/Samsung_Galaxy_S24_Ultra_with_retail_box%2C_rear.jpg/960px-Samsung_Galaxy_S24_Ultra_with_retail_box%2C_rear.jpg?utm_source=commons.wikimedia.org&utm_campaign=imageinfo&utm_content=thumbnail
samsung-galaxy-s25-128gb.jpg,Samsung Galaxy S25,No selected candidate in this pass,,,,,,,,,,,
samsung-galaxy-s25-ultra-256gb.jpg,Samsung Galaxy S25 Ultra,No selected candidate in this pass,,,,,,,,,,,
samsung-galaxy-z-flip-4-256gb.jpg,Samsung Galaxy Z Flip 4,No selected candidate in this pass,,,,,,,,,,,
samsung-galaxy-z-flip-5-256gb.jpg,Samsung Galaxy Z Flip 5,No selected candidate in this pass,,,,,,,,,,,
samsung-galaxy-z-flip-6-256gb.jpg,Samsung Galaxy Z Flip 6,No selected candidate in this pass,,,,,,,,,,,
sony-playstation-4-slim-500gb-black.jpg,Sony PlayStation 4 Slim,No selected candidate in this pass,,,,,,,,,,,
sony-playstation-5-pro-2tb-white.jpg,Sony PlayStation 5 Pro,"DELIVERED scaled source file, unedited; downloaded pixels checked",PlayStation 5 Pro no disc drive.jpg,https://commons.wikimedia.org/wiki/File:PlayStation_5_Pro_no_disc_drive.jpg,https://upload.wikimedia.org/wikipedia/commons/8/82/PlayStation_5_Pro_no_disc_drive.jpg?utm_source=commons.wikimedia.org&utm_campaign=imageinfo&utm_content=original,960,1350,CC BY 3.0,https://creativecommons.org/licenses/by/3.0,BeatEmUps,"PlayStation 5 Pro no disc drive.jpg by BeatEmUps, CC BY 3.0. Source: https://commons.wikimedia.org/wiki/File:PlayStation_5_Pro_no_disc_drive.jpg. Licence: https://creativecommons.org/licenses/by/3.0. Unmodified.",No disc drive; frame extracted from a CC BY video by its source uploader. Not edited by us.,https://thumb.wikimedia.org/wikipedia/commons/thumb/8/82/PlayStation_5_Pro_no_disc_drive.jpg/960px-PlayStation_5_Pro_no_disc_drive.jpg?utm_source=commons.wikimedia.org&utm_campaign=imageinfo&utm_content=thumbnail
