apple-iphone-11-pro-256gb.jpg	stock/commons	existing only	(1280, 642)
apple-iphone-11-pro-64gb.jpg	stock/commons	existing only	(1280, 642)
apple-iphone-11-pro-max-256gb.jpg	stock/commons	existing only	(960, 1594)
apple-iphone-11-pro-max-64gb.jpg	stock/commons	existing only	(960, 1594)
apple-iphone-12-64gb.jpg	stock/commons	existing only	(2000, 2000)
apple-iphone-12-pro-128gb.jpg	stock/commons	existing only	(2000, 2667)
apple-iphone-12-pro-256gb.jpg	stock/commons	existing only	(2000, 2667)
apple-iphone-12-pro-max-128gb.jpg	stock/commons	existing only	(2000, 3556)
apple-iphone-12-pro-max-256gb.jpg	stock/commons	existing only	(2000, 3556)
apple-iphone-13-128gb.jpg	stock/commons	existing only	(2000, 1404)
apple-iphone-13-pro-128gb.jpg	stock/commons	existing only	(2000, 1333)
apple-iphone-13-pro-256gb.jpg	stock/commons	existing only	(2000, 1333)
apple-iphone-14-128gb.jpg	stock/commons	existing only	(2000, 1404)
apple-iphone-14-256gb.jpg	stock/commons	existing only	(960, 1617)
apple-iphone-14-pro-128gb.jpg	stock/commons	existing only	(2000, 2500)
apple-iphone-14-pro-256gb.jpg	stock/commons	existing only	(2000, 2500)
apple-iphone-14-pro-max-128gb.jpg	stock/commons	existing only	(2000, 3000)
apple-iphone-14-pro-max-256gb.jpg	stock/commons	existing only	(2000, 3000)
apple-iphone-15-128gb.jpg	stock/commons	existing only	(2000, 1333)
apple-iphone-15-256gb.jpg	stock/commons	existing only	(2000, 1333)
apple-iphone-17-256gb.jpg	stock/commons	existing only	(1280, 1920)
apple-iphone-17-pro-256gb-sealed.jpg	stock/commons	existing only	(2000, 1333)
apple-iphone-17-pro-max-256gb-sealed.jpg	stock/commons	existing only	(2000, 1333)
apple-iphone-xr-128gb.jpg	stock/commons	existing only	(2000, 1413)
apple-iphone-xr-64gb.jpg	stock/commons	existing only	(2000, 1413)
apple-macbook-air-13-inch-m1-256gb-space-grey.jpg	stock/commons	existing only	(2000, 1333)
apple-macbook-air-15-inch-m2-256gb-space-grey.jpg	stock/commons	existing only	(960, 720)
apple-macbook-pro-13-inch-intel-i5-256gb-silver.jpg	stock/commons	existing only	(2000, 1333)
apple-macbook-pro-13-inch-m1-256gb-space-grey.jpg	stock/commons	existing only	(2000, 1333)
apple-macbook-pro-14-inch-m1-pro-512gb-space-grey.jpg	stock/commons	existing only	(2000, 1333)
apple-macbook-pro-14-inch-m2-pro-512gb-space-grey.jpg	stock/commons	existing only	(2000, 1333)
apple-macbook-pro-16-inch-m1-pro-512gb-space-grey.jpg	stock/commons	existing only	(2000, 1333)
asus-rog-strix-g15-i7-rtx-3060-512gb-black.jpg	icecat	Icecat replaces	(1500, 1500)
dell-latitude-5420-i5-11th-gen-256gb-black.jpg	icecat	Icecat new	(4000, 4000)
dell-latitude-5520-i7-11th-gen-512gb-black.jpg	icecat	Icecat new	(4000, 4000)
dell-latitude-7420-i7-11th-gen-512gb-black.jpg	icecat	Icecat new	(4000, 4000)
hp-elitebook-840-g7-i5-256gb-silver.jpg	icecat	Icecat new	(3086, 2033)
hp-elitebook-840-g8-i5-256gb-silver.jpg	icecat	Icecat new	(3096, 2035)
hp-elitebook-850-g8-i7-512gb-silver.jpg	icecat	Icecat new	(3087, 1995)
hp-pavilion-15-i5-256gb-silver.jpg	stock/commons	existing only	(2000, 2999)
lenovo-ideapad-3-i5-256gb-grey.jpg	icecat	Icecat new	(2000, 2000)
lenovo-thinkpad-t14-i7-512gb-black.jpg	icecat	Icecat replaces	(927, 537)
lenovo-thinkpad-t490-i5-256gb-black.jpg	stock/commons	kept existing	(960, 945)
lenovo-thinkpad-x1-carbon-i7-512gb-black.jpg	icecat	Icecat replaces	(969, 514)
microsoft-xbox-360-slim-250gb-black.jpg	stock/commons	existing only	(960, 1322)
microsoft-xbox-one-s-1tb-white.jpg	stock/commons	existing only	(1280, 960)
microsoft-xbox-one-x-1tb-black.jpg	stock/commons	existing only	(2000, 1333)
microsoft-xbox-series-s-512gb-white.jpg	stock/commons	existing only	(2000, 3555)
microsoft-xbox-series-x-1tb-black.jpg	stock/commons	existing only	(2000, 1125)
nintendo-switch-2-256gb-black.jpg	stock/commons	existing only	(2000, 1333)
nintendo-switch-32gb-neon-red-blue.jpg	stock/commons	kept existing	(2000, 1333)
nintendo-switch-lite-32gb-grey.jpg	icecat	Icecat replaces	(2149, 1782)
nintendo-switch-oled-64gb-white.jpg	stock/commons	kept existing	(2000, 1333)
nintendo-wii-u-32gb-black.jpg	stock/commons	existing only	(960, 649)
nintendo-wii-white.jpg	stock/commons	existing only	(1280, 1280)
samsung-galaxy-a14-64gb.jpg	stock/commons	existing only	(1280, 1707)
samsung-galaxy-a34-128gb.jpg	icecat	Icecat new	(200, 250)
samsung-galaxy-a54-128gb.jpg	icecat	Icecat new	(248, 312)
samsung-galaxy-a55-128gb.jpg	stock/commons	kept existing	(1200, 1600)
samsung-galaxy-note-20-128gb.jpg	icecat	Icecat new	(1948, 2936)
samsung-galaxy-note-20-ultra-256gb.jpg	icecat	Icecat new	(1980, 3000)
samsung-galaxy-s21-128gb.jpg	icecat	Icecat new	(1472, 2836)
samsung-galaxy-s21-256gb.jpg	icecat	Icecat new	(1472, 2836)
samsung-galaxy-s21-plus-128gb.jpg	icecat	Icecat new	(1600, 3081)
samsung-galaxy-s21-plus-256gb.jpg	icecat	Icecat new	(1600, 3081)
samsung-galaxy-s21-ultra-128gb.jpg	icecat	Icecat new	(1605, 3149)
samsung-galaxy-s21-ultra-256gb.jpg	icecat	Icecat new	(1605, 3149)
samsung-galaxy-s22-128gb.jpg	icecat	Icecat new	(2000, 2000)
samsung-galaxy-s22-256gb.jpg	icecat	Icecat replaces	(2000, 2000)
samsung-galaxy-s22-plus-128gb.jpg	icecat	Icecat replaces	(2000, 2000)
samsung-galaxy-s22-plus-256gb.jpg	icecat	Icecat replaces	(2000, 2000)
samsung-galaxy-s22-ultra-128gb.jpg	icecat	Icecat replaces	(1142, 1953)
samsung-galaxy-s22-ultra-256gb.jpg	icecat	Icecat replaces	(1142, 1953)
samsung-galaxy-s23-128gb.jpg	icecat	Icecat new	(623, 739)
samsung-galaxy-s23-256gb.jpg	stock/commons	kept existing	(2000, 1333)
samsung-galaxy-s23-plus-256gb.jpg	icecat	Icecat new	(365, 292)
samsung-galaxy-s23-ultra-256gb.jpg	icecat	Icecat new	(426, 434)
samsung-galaxy-s23-ultra-512gb.jpg	icecat	Icecat new	(426, 434)
samsung-galaxy-s24-128gb.jpg	icecat	Icecat replaces	(3000, 2000)
samsung-galaxy-s24-256gb.jpg	icecat	Icecat replaces	(3000, 2000)
samsung-galaxy-s24-plus-256gb.jpg	stock/commons	kept existing	(2000, 1333)
samsung-galaxy-s24-ultra-256gb.jpg	icecat	Icecat replaces	(1999, 2890)
samsung-galaxy-s24-ultra-512gb.jpg	icecat	Icecat replaces	(1999, 2890)
samsung-galaxy-s25-128gb.jpg	icecat	Icecat new	(940, 1117)
samsung-galaxy-s25-ultra-256gb.jpg	icecat	Icecat new	(1924, 1938)
samsung-galaxy-z-flip-4-256gb.jpg	icecat	Icecat new	(200, 209)
samsung-galaxy-z-flip-5-256gb.jpg	icecat	Icecat new	(274, 343)
samsung-galaxy-z-flip-6-256gb.jpg	icecat	Icecat new	(1068, 1335)
samsung-galaxy-z-fold-4-256gb.jpg	stock/commons	kept existing	(2000, 1125)
samsung-galaxy-z-fold-5-256gb.jpg	stock/commons	kept existing	(2000, 1125)
samsung-galaxy-z-fold-6-256gb.jpg	icecat	Icecat replaces	(975, 1300)
sony-playstation-3-slim-500gb-black.jpg	stock/commons	kept existing	(2000, 1333)
sony-playstation-4-pro-1tb-black.jpg	stock/commons	existing only	(2000, 3000)
sony-playstation-4-slim-1tb-black.jpg	stock/commons	existing only	(1280, 853)
sony-playstation-5-pro-2tb-white.jpg	stock/commons	existing only	(960, 1350)
sony-playstation-5-slim-digital-1tb-white.jpg	icecat	Icecat replaces	(3414, 4222)
sony-playstation-5-slim-disc-1tb-white.jpg	icecat	Icecat replaces	(3358, 4238)