samsung-galaxy-s21-128gb.jpg	Samsung Galaxy SM-G991B 15.8 cm (6.2") Dual SIM Android 11 5G USB Type	code SM-G991BZADEUB	gallery#0	1472x2836	Icecat record is SM-G991B 128GB Grey; same image for 256GB
samsung-galaxy-s21-256gb.jpg	Samsung Galaxy SM-G991B 15.8 cm (6.2") Dual SIM Android 11 5G USB Type	code SM-G991BZADEUB	gallery#0	1472x2836	same image as 128GB; colour Grey (phantom grey)
samsung-galaxy-s21-plus-128gb.jpg	Samsung Galaxy S21+ 5G SM-G996B 17 cm (6.7") Dual SIM Android 11 USB T	code SM-G996BZKDEUB	gallery#0	1600x3081	Black
samsung-galaxy-s21-plus-256gb.jpg	Samsung Galaxy S21+ 5G SM-G996B 17 cm (6.7") Dual SIM Android 11 USB T	code SM-G996BZKDEUB	gallery#0	1600x3081	same image as 128GB, Black
samsung-galaxy-s21-ultra-128gb.jpg	Samsung Galaxy S21 Ultra 5G SM-G998 17.3 cm (6.8") Dual SIM Android 11	code SM-G998BZKDEUB	gallery#0	1605x3149	Black
samsung-galaxy-s21-ultra-256gb.jpg	Samsung Galaxy S21 Ultra 5G SM-G998 17.3 cm (6.8") Dual SIM Android 11	code SM-G998BZKDEUB	gallery#0	1605x3149	same image as 128GB, Black
samsung-galaxy-s22-128gb.jpg	Samsung Galaxy S22 SM-S901B 15.5 cm (6.1") Dual SIM Android 12 5G USB 	code SM-S901BZKDEUB	gallery#1	2000x2000	back only, no text (idx0 front+back has "Galaxy S22" text over screen)
samsung-galaxy-s22-256gb.jpg	Samsung Galaxy S22 SM-S901B 15.5 cm (6.1") Dual SIM Android 12 5G USB 	code SM-S901BZKDEUB	gallery#1	2000x2000	back only, no text; same as 128GB
samsung-galaxy-s22-plus-128gb.jpg	Samsung Galaxy S22+ SM-S906B 16.8 cm (6.6") Dual SIM Android 12 5G USB	code SM-S906BZKDEUB	gallery#1	2000x2000	back only, no text (idx0 has "Galaxy S22+" text)
samsung-galaxy-s22-plus-256gb.jpg	Samsung Galaxy S22+ SM-S906B 16.8 cm (6.6") Dual SIM Android 12 5G USB	code SM-S906BZKDEUB	gallery#1	2000x2000	back only, no text; same as 128GB
samsung-galaxy-s22-ultra-128gb.jpg	Samsung Galaxy S22 Ultra SM-S908B 17.3 cm (6.8") Dual SIM Android 12 5	code SM-S908BZKDEUB	gallery#1	1142x1953	back with S Pen, no text (idx0 has "Galaxy S22 Ultra" text)
samsung-galaxy-s22-ultra-256gb.jpg	Samsung Galaxy S22 Ultra SM-S908B 17.3 cm (6.8") Dual SIM Android 12 5	code SM-S908BZKDEUB	gallery#1	1142x1953	back with S Pen, no text; same as 128GB
samsung-galaxy-s23-128gb.jpg	Samsung Galaxy S23 SM-S911B 15.5 cm (6.1") Dual SIM Android 13 5G USB 	code SM-S911BZKDEUB	gallery#0	623x739	Black, clean
samsung-galaxy-s23-256gb.jpg	Samsung Galaxy S23 SM-S911B 15.5 cm (6.1") Dual SIM Android 13 5G USB 	code SM-S911BZKDEUB	gallery#0	623x739	same image as 128GB
samsung-galaxy-s23-plus-256gb.jpg	Samsung Galaxy S23+ SM-S916B 16.8 cm (6.6") Dual SIM Android 13 5G USB	code SM-S916BZKDEUB	gallery#0	365x292	Black, clean, small subject in frame
samsung-galaxy-s23-ultra-256gb.jpg	Samsung Galaxy S23 Ultra SM-S918B 17.3 cm (6.8") Dual SIM Android 13 5	code SM-S918BZKDEUB	gallery#0	426x434	Black, clean
samsung-galaxy-s23-ultra-512gb.jpg	Samsung Galaxy S23 Ultra SM-S918B 17.3 cm (6.8") Dual SIM Android 13 5	code SM-S918BZKDEUB	gallery#0	426x434	same image as 256GB
samsung-galaxy-s24-128gb.jpg	Samsung Galaxy S24 15.8 cm (6.2") Dual SIM Android 14 5G USB Type-C 8 	code SM-S921BZKDEUB	gallery#3	3000x2000	back only, no text (front shot has "Galaxy S24" text)
samsung-galaxy-s24-256gb.jpg	Samsung Galaxy S24 15.8 cm (6.2") Dual SIM Android 14 5G USB Type-C 8 	code SM-S921BZKDEUB	gallery#3	3000x2000	back only, no text; same as 128GB
samsung-galaxy-s24-plus-256gb.jpg	Samsung Galaxy S24+ 17 cm (6.7") Dual SIM 5G USB Type-C 12 GB 256 GB 4	code SM-S926BZKDEUB	gallery#0	684x547	clean, but low resolution (684px wide)
samsung-galaxy-s24-ultra-256gb.jpg	Samsung Galaxy S24 Ultra 17.3 cm (6.8") Dual SIM 5G USB Type-C 12 GB 5	code SM-S928BZKHEUB	gallery#3	1999x2890	back with S Pen, no text (idx0 has "Galaxy S24 Ultra" text); Titanium Black record is 512GB
samsung-galaxy-s24-ultra-512gb.jpg	Samsung Galaxy S24 Ultra 17.3 cm (6.8") Dual SIM 5G USB Type-C 12 GB 5	code SM-S928BZKHEUB	gallery#3	1999x2890	back with S Pen, no text
samsung-galaxy-s25-128gb.jpg	Samsung Galaxy S25 SM-S931B/DS 15.8 cm (6.2") Dual SIM Android 15 5G U	code SM-S931BZKDEUB	gallery#0	940x1117	Navy, clean front+back
samsung-galaxy-s25-ultra-256gb.jpg	Samsung Galaxy S25 Ultra 17.5 cm (6.9") Dual SIM Android 15 5G USB Typ	code SM-S938BZKDEUB	gallery#1	1924x1938	clean front+back, no text (idx0 has text)
samsung-galaxy-a34-128gb.jpg	Samsung Galaxy A34 5G 16.8 cm (6.6") Dual SIM USB Type-C 8 GB 256 GB 5	code SM-A346BZKEEUB	gallery#0	200x250	Icecat record is 256GB Graphite; same family, clean
samsung-galaxy-a54-128gb.jpg	Samsung Galaxy A54 5G 16.3 cm (6.4") Dual SIM Android 13 USB Type-C 8 	code SM-A546BZKDEUB	gallery#0	248x312	Icecat record is 256GB Graphite; same family, clean
samsung-galaxy-a55-128gb.jpg	Samsung Galaxy A55 5G 6.6" Dual SIM USB Type-C 8 GB 128 GB 5000 mAh Na	code SM-A556BZKAEUB	gallery#0	1045x1306	ONLY image Icecat has: Paris 2024 Olympics promo on screen
samsung-galaxy-note-20-128gb.jpg	Samsung Galaxy Note20 SM-N980F 17 cm (6.7") Android 10 4G USB Type-C 8	code SM-N980FZAGEUB	gallery#0	1948x2936	4G model, Grey, 256GB record
samsung-galaxy-note-20-ultra-256gb.jpg	Samsung Galaxy Note20 Ultra 5G SM-N986B 17.5 cm (6.9") Android 10 USB 	code SM-N986BZKGEUB	gallery#0	1980x3000	5G Ultra, Black
samsung-galaxy-z-flip-4-256gb.jpg	Samsung Galaxy Z Flip4 SM-F721B 17 cm (6.7") Dual SIM Android 12 5G US	code SM-F721BZAGEUB	gallery#0	200x209	Graphite, 128GB record; same family
samsung-galaxy-z-flip-5-256gb.jpg	Samsung Galaxy Z Flip5 SM-F731B 17 cm (6.7") Dual SIM Android 13 5G US	code SM-F731BZAGEUB	gallery#0	274x343	Graphite
samsung-galaxy-z-flip-6-256gb.jpg	Samsung Galaxy Z Flip6 6.7" Dual SIM Android 14 5G USB Type-C 12 GB 25	code SM-F741BZSGEUB	gallery#0	1068x1335	Silver
samsung-galaxy-z-fold-4-256gb.jpg	Samsung Galaxy Z Fold4 SM-F936B 19.3 cm (7.6") Dual SIM Android 12 5G 	code SM-F936BZKBEUB	gallery#0	200x260	Black
samsung-galaxy-z-fold-5-256gb.jpg	Samsung Galaxy Z Fold5 SM-F946B 19.3 cm (7.6") Dual SIM Android 13 5G 	code SM-F946BZKBEUB	gallery#0	246x335	Black
samsung-galaxy-z-fold-6-256gb.jpg	Samsung Galaxy Z Fold6 7.6" Dual SIM Android 14 5G USB Type-C 12 GB 25	code SM-F956BZSBEUB	gallery#0	975x1300	Silver
sony-playstation-3-slim-500gb-black.jpg	Sony Interactive Entertainment PlayStation 3 320GB + Move Starter Pack	code CECH-2504B	gallery#3	701x589	PS3 Slim 320GB record, black; right model family
sony-playstation-5-slim-disc-1tb-white.jpg	Sony Interactive Entertainment PlayStation 5 825 GB Wi-Fi Black, White	code CFI-1216A	gallery#3	3358x4238	WRONG DESIGN risk: Icecat PS5 disc is the original 825GB model, not Slim 1TB
sony-playstation-5-slim-digital-1tb-white.jpg	Sony Interactive Entertainment PlayStation 5 Digital Edition 825 GB Wi	code CFI-1216B	gallery#0	3414x4222	WRONG DESIGN risk: original-design Digital 825GB, not Slim 1TB
nintendo-switch-oled-64gb-white.jpg	Nintendo Switch OLED portable game console 17.8 cm (7") 64 GB Touchscr	code HEG-S-KAAAA	gallery#1	573x382	white OLED, clean
nintendo-switch-lite-32gb-grey.jpg	Nintendo Switch Lite portable game console 14 cm (5.5") 32 GB Touchscr	code HDHSGAZAA	gallery#0	2149x1782	grey, clean
nintendo-switch-32gb-neon-red-blue.jpg	Nintendo Switch Joy‑Con portable game console 15.8 cm (6.2") 32 GB Wi-	code 2500166	gallery#1	652x320	neon red/blue with dock
asus-rog-strix-g15-i7-rtx-3060-512gb-black.jpg	ASUS ROG Strix G15 G513IM-HN002 laptop AMD Ryzen™ 7 4800H 39.6 cm (15.	code G513IM-HN002	gallery#0	1500x1500	Icecat G513IM is Ryzen 7 4800H + RTX 3060 (CSV says i7): same chassis, CPU differs
dell-latitude-5420-i5-11th-gen-256gb-black.jpg	DELL Latitude 5420 Intel® Core™ i5 i5-1145G7 Laptop 35.6 cm (14") Full	code M0M54	gallery#0	4000x4000	Icecat shows GREY/silver body, CSV says black
dell-latitude-5520-i7-11th-gen-512gb-black.jpg	DELL Latitude 5520 Intel® Core™ i7 i7-1165G7 Laptop 39.6 cm (15.6") Fu	code 4JRXP	gallery#0	4000x4000	Icecat shows GREY body, CSV says black
dell-latitude-7420-i7-11th-gen-512gb-black.jpg	DELL Latitude 7420 Intel® Core™ i7 i7-1165G7 Laptop 35.6 cm (14") Full	code 7420-2602	gallery#0	4000x4000	black, i7-1165G7, matches
hp-elitebook-840-g7-i5-256gb-silver.jpg	HP EliteBook 840 G7 Intel® Core™ i5 i5-10310U Laptop 35.6 cm (14") Ful	code 2A9F2EP	gallery#0	3086x2033	silver, Windows 10 wallpaper
hp-elitebook-840-g8-i5-256gb-silver.jpg	HP EliteBook 840 G8 Intel® Core™ i5 i5-1135G7 Laptop 35.6 cm (14") Ful	code 358N2EA	gallery#0	3096x2035	silver, i5-1135G7
hp-elitebook-850-g8-i7-512gb-silver.jpg	HP EliteBook 850 G8 Intel® Core™ i7 i7-1165G7 Laptop 39.6 cm (15.6") F	code 2Y2R3EA	gallery#0	3087x1995	silver, 15.6in i7-1165G7
lenovo-ideapad-3-i5-256gb-grey.jpg	Lenovo IdeaPad 3 15ITL6 Intel® Core™ i5 i5-1155G7 Laptop 39.6 cm (15.6	code 82H803BGTA	gallery#0	2000x2000	IdeaPad 3 15ITL6, grey
lenovo-thinkpad-t14-i7-512gb-black.jpg	Lenovo ThinkPad T14 Gen 2 (Intel) Intel® Core™ i7 i7-1165G7 Laptop 35.	code 20W0001NUS	gallery#0	927x537	T14 Gen 2, i7-1165G7, 512GB, matches
lenovo-thinkpad-t490-i5-256gb-black.jpg	Lenovo ThinkPad T490 Intel® Core™ i5 i5-8365U Laptop 35.6 cm (14") 8 G	code 20N3SA1A29	gallery#0	856x451	T490 i5-8365U 256GB; Intel logo badge on corner? no, clean
lenovo-thinkpad-x1-carbon-i7-512gb-black.jpg	Lenovo ThinkPad X1 Carbon Intel® Core™ i7 i7-8650U Laptop 35.6 cm (14"	code 20KH002KUS	gallery#0	969x514	X1 Carbon 6th gen (i7-8650U); CSV gives no generation
